577,Global Solutions,3.00,2024-10-15
578,Creative Minds,3.00,2024-10-15
579,Green Energy Inc.,3.00,2024-10-15
316,Tech Innovators,11.00,2024-10-28
317,Global Solutions,0.00,2024-10-28
318,Creative Minds,0.00,2024-10-28
319,Green Energy Inc.,0.00,2024-10-28
320,Health Plus,0.00,2024-10-28
321,Future Vision,0.00,2024-10-28
322,Sky High Enterprises,0.00,2024-10-28
127,Tech Innovators,4.00,2024-09-15
128,Global Solutions,4.00,2024-09-15
129,Creative Minds,4.00,2024-09-15
130,Green Energy Inc.,4.00,2024-09-15
131,Health Plus,4.00,2024-09-15
132,Future Vision,4.00,2024-09-15
133,Sky High Enterprises,4.00,2024-09-15
134,Urban Architects,4.00,2024-09-15
135,Digital World,4.00,2024-09-15
136,Tech Innovators,5.00,2024-09-16
137,Global Solutions,5.00,2024-09-16
138,Creative Minds,5.00,2024-09-16
139,Green Energy Inc.,5.00,2024-09-16
140,Health Plus,5.00,2024-09-16
141,Future Vision,5.00,2024-09-16
142,Sky High Enterprises,5.00,2024-09-16
143,Urban Architects,5.00,2024-09-16
144,Digital World,5.00,2024-09-16
145,Tech Innovators,0.00,2024-09-17
146,Global Solutions,0.00,2024-09-17
147,Creative Minds,0.00,2024-09-17
148,Green Energy Inc.,0.00,2024-09-17
149,Health Plus,0.00,2024-09-17
150,Future Vision,0.00,2024-09-17
151,Sky High Enterprises,0.00,2024-09-17
152,Urban Architects,0.00,2024-09-17
153,Digital World,0.00,2024-09-17
154,Tech Innovators,0.00,2024-09-18
155,Global Solutions,0.00,2024-09-18
156,Creative Minds,0.00,2024-09-18
157,Green Energy Inc.,0.00,2024-09-18
158,Health Plus,0.00,2024-09-18
159,Future Vision,0.00,2024-09-18
160,Sky High Enterprises,0.00,2024-09-18
161,Urban Architects,0.00,2024-09-18
162,Digital World,0.00,2024-09-18
163,Tech Innovators,0.00,2024-09-19
164,Global Solutions,0.00,2024-09-19
165,Creative Minds,0.00,2024-09-19
166,Green Energy Inc.,0.00,2024-09-19
167,Health Plus,0.00,2024-09-19
168,Future Vision,0.00,2024-09-19
169,Sky High Enterprises,0.00,2024-09-19
170,Urban Architects,0.00,2024-09-19
171,Digital World,0.00,2024-09-19
172,Tech Innovators,0.00,2024-09-20
173,Global Solutions,0.00,2024-09-20
174,Creative Minds,0.00,2024-09-20
175,Green Energy Inc.,0.00,2024-09-20
176,Health Plus,0.00,2024-09-20
177,Future Vision,0.00,2024-09-20
178,Sky High Enterprises,0.00,2024-09-20
179,Urban Architects,0.00,2024-09-20
180,Digital World,0.00,2024-09-20
181,Tech Innovators,0.00,2024-09-21
182,Global Solutions,0.00,2024-09-21
183,Creative Minds,0.00,2024-09-21
184,Green Energy Inc.,0.00,2024-09-21
185,Health Plus,0.00,2024-09-21
186,Future Vision,0.00,2024-09-21
187,Sky High Enterprises,0.00,2024-09-21
188,Urban Architects,0.00,2024-09-21
189,Digital World,0.00,2024-09-21
655,Tech Innovators,1.00,2024-10-20
323,Urban Architects,0.00,2024-10-28
324,Digital World,0.00,2024-10-28
325,Tech Innovators,0.00,2024-10-29
326,Global Solutions,0.00,2024-10-29
327,Creative Minds,0.00,2024-10-29
328,Green Energy Inc.,0.00,2024-10-29
329,Health Plus,0.00,2024-10-29
330,Future Vision,0.00,2024-10-29
331,Sky High Enterprises,0.00,2024-10-29
332,Urban Architects,0.00,2024-10-29
333,Digital World,0.00,2024-10-29
334,Tech Innovators,0.00,2024-10-30
335,Global Solutions,0.00,2024-10-30
336,Creative Minds,0.00,2024-10-30
337,Green Energy Inc.,0.00,2024-10-30
338,Health Plus,0.00,2024-10-30
339,Future Vision,0.00,2024-10-30
340,Sky High Enterprises,0.00,2024-10-30
341,Urban Architects,0.00,2024-10-30
342,Digital World,0.00,2024-10-30
343,Tech Innovators,0.00,2024-10-31
344,Global Solutions,0.00,2024-10-31
345,Creative Minds,0.00,2024-10-31
346,Green Energy Inc.,0.00,2024-10-31
347,Health Plus,0.00,2024-10-31
348,Future Vision,0.00,2024-10-31
349,Sky High Enterprises,0.00,2024-10-31
350,Urban Architects,0.00,2024-10-31
351,Digital World,0.00,2024-10-31
352,Tech Innovators,0.00,2024-11-01
353,Global Solutions,0.00,2024-11-01
354,Creative Minds,0.00,2024-11-01
355,Green Energy Inc.,0.00,2024-11-01
356,Health Plus,0.00,2024-11-01
357,Future Vision,0.00,2024-11-01
358,Sky High Enterprises,0.00,2024-11-01
359,Urban Architects,0.00,2024-11-01
360,Digital World,0.00,2024-11-01
361,Tech Innovators,0.00,2024-11-02
362,Global Solutions,0.00,2024-11-02
363,Creative Minds,0.00,2024-11-02
364,Green Energy Inc.,0.00,2024-11-02
365,Health Plus,0.00,2024-11-02
366,Future Vision,0.00,2024-11-02
367,Sky High Enterprises,0.00,2024-11-02
368,Urban Architects,0.00,2024-11-02
369,Digital World,0.00,2024-11-02
370,Tech Innovators,0.00,2024-11-03
371,Global Solutions,0.00,2024-11-03
372,Creative Minds,0.00,2024-11-03
373,Green Energy Inc.,0.00,2024-11-03
374,Health Plus,0.00,2024-11-03
375,Future Vision,0.00,2024-11-03
376,Sky High Enterprises,0.00,2024-11-03
377,Urban Architects,0.00,2024-11-03
568,Tech Innovators,3.00,2024-10-13
569,Green Energy Inc.,4.00,2024-10-13
570,Future Vision,5.00,2024-10-13
571,Urban Architects,7.00,2024-10-13
572,Digital World,1.00,2024-10-13
573,Global Solutions,4.00,2024-10-14
574,Health Plus,4.00,2024-10-14
575,Sky High Enterprises,8.00,2024-10-14
576,Tech Innovators,3.00,2024-10-15
378,Digital World,0.00,2024-11-03
